Cleaned_Text,Labels,PCA1,PCA2
dont know cant really think anything playing little golf producing baby really stay home,7,7.5505667,2.819411
dont tell going dont dont tell going please,7,7.72346,2.9372106
yeah think im always pretty good matter fan always talk staying bubble term really got different meaning year,2,7.426902,1.0589972
going say marcus final mvp american league sitting first team validate season put together,4,8.33188,3.0553024
obviously today grind last thursday still still saw good score obviously many saw last week,2,7.436411,2.9230988
yeah think tired third set start start play know longer point really tired,2,5.851321,1.0150889
yeah zacks preparation probably best game there couple guy well max stras anbal guy well,2,7.3084555,-0.15456346
managed hit shot close one didnt managed save par,2,5.663467,3.9527285
yeah he battling heel struggling move little bit toughed well see feel tomorrow,3,5.6565375,2.1980379
like wimbledon main game practicing injured wimbledon,3,6.64054,1.4733354
yeah mean go aggressive lot credit go scout defense dayin dayout gave u great look,1,8.59344,1.4130319
cant say turned doublefaulted three time wish could take credit turning,2,9.582512,3.1755004
unusual rare would dominate way support single driver win driver championship bring home manufacturer trophy,2,5.6925173,3.743015
feel great weve good speed look vega didnt get damage get trapped lap minute really good capable winning,2,7.2197866,2.0878463
fairest match play today expected win came im expected win tomorrow ill go hopefully thing work,2,8.67929,3.3772955
said going make couple tournament open open didnt talk afterwards,6,6.11429,1.609042
obviously love chance youve twice make event special,6,7.0637145,2.9534655
bad fouryear run almost feel like got started u year ago place theyve foot gas pedal ever since,5,5.4318976,3.099778
much champagne dont even remember said dad probably love he proud told work grind congratulated,5,6.936476,4.32015
hit pretty good tee shot like like downwind hit iron foot make putt,2,5.2702723,3.8297806
dont think andre lacked anything think andre tool great player great player,2,8.39355,0.85066366
absolutely winning thats thats fan base think going field team give u best opportunity,5,9.504491,1.034569
last year watching little bit yeah year sure might watching dont know,7,8.0211935,2.0736806
yeah two week great one expect go quarterfinal great two week happy satisfied,2,9.2122135,2.398618
know played well gave opportunity took played well,2,7.657332,1.5583724
first congratulation stanford played great match tonight group obviously disappointing season come end many adventure went together,5,8.691739,3.4714632
team get nervous poised confident group prepared go play every game week different,5,6.2724195,0.9587545
trying put away hitter something big hitter big right he fire taking something special good,2,9.168251,2.243209
mean think certainly early season major factor season progressed become less less factor weve adjust business,2,8.350101,2.9711313
weve talking lot talk little bit baseball talk workout stuff he good place,7,6.287838,2.0919385
yeah absolutely gorgeous really made super fun many people watch even though wasnt official spectator,7,8.752482,2.3883684
im thinking thats something matt connected incredible look matt easiest part put back net,1,9.27457,3.7194786
good done many good thing golf many tournament golf game close perfection course intimidated,2,6.519315,3.8584714
yeah yeah much better technique much better knew hardcourt couldnt play good could play good im sure,2,6.575922,0.65774035
think made difference ran second led lap ran second day little bit speed felt like,2,7.041482,2.0699499
yeah depends type hitter people stick approach people try play along little bit kind get step ahead,2,7.9273667,1.7689152
felt like little bit notice ally would always make top thought good motivation,5,5.9350915,2.129578
oh god laugh im done struggle today especially tee think spending time crowd inside rope today fan friendly today,2,6.995661,2.6931221
something like said came yesterday felt little bit little spasm today woke lot worse,3,5.451966,2.1155088
well wouldnt expect worst strikeout team world series know im saying expect good really good,4,9.9390545,2.324024
youve incredible season year put youve winning almost every week,2,7.4766746,2.275074
first ill certainly give salisbury credit deserve thought played good game today disciplined offense defense played tight day give lot credit,4,8.324183,1.2705653
oh absolutely tell three day day place trying play tennis finally could go yesterday couple hour get something,7,8.277793,3.7479684
snarl kind ive never really made face like ever really entire life kind happened midst thing moment,7,6.8779182,3.8771064
dont know havent played stadium compared court slower yeah little bit difficult serve volley player play well,2,6.910336,1.9070319
echo place youre proud go say beautiful field let meet let get together camaraderie amazing,5,7.88602,0.5771338
im definitely going take time took couple day event spend family im turning wednesday dont know im going yet,7,8.500121,4.5132213
ill second tremendous player even better people field mean leadership charisma easy follow,5,8.61454,0.93859136
oh going tough mean good player top player going tough,6,8.237063,0.8149311
really looking far ahead playing michael right im concerned playing enqvist worry time come,6,8.7105875,3.6908178
well blocking jazz sweet pretty frustrating im going lie think pretty good job staying patient going get werent going get frustrated,2,7.261014,0.8187131
feel great ready go exactly needed get get little momentum built feel good,5,6.0405183,2.3950582
well guess mean played good team thats fortunate team made far,5,10.248548,1.9925213
obviously there measure contract allow club extend payouts extra year contract allows immediacy payroll current year flexibility,7,8.013826,1.994607
course thats always going help like said every team looking starter never enough thats fact,1,9.832469,1.1957698
truly believe opportunity today weve really well driving run men scoring position didnt happen today well come back tomorrow,4,7.1796556,3.3164499
early get kind sense dont think much feel tournament yet,7,7.0063415,1.6134554
practicing knowledge share knowledge girl take decision talk keeper bowler one senior player thats,1,8.535394,0.583446
would say obviously depends get tomorrow think condition expect come,6,8.803701,1.6646938
well major obviously would something special think yeah hopefully get im,2,7.2810307,3.185023
yeah good question im hiring authority dont know think important really strong woman position leadership sport,7,8.028467,2.0756683
dived get point little bit luck got,2,5.2173824,1.862126
im actually looking right walked office havent talked yet im going find status he going talk minute,3,8.426637,4.5222545
yeah would definitely say approach also difficult play kind windy condition still think give problem pas coming sure,2,7.4555335,1.828128
dont get chance know well thing know great leader football team great player,2,9.402117,2.1405501
lot thing could happen lap car guessing wrong able run bottom run top get good run something along line never materialized,2,5.4364834,2.8948977
marisnick jake impact defender he got base running skill utilize hitting front pitcher he got little bit history corbin done pretty well,2,5.3278494,1.9934909
fun nice brother bag cool first time dad caddied since ive tour,7,6.7017226,4.7369704
obviously didnt usually play pretty well injury normally dont make habit,3,6.087437,0.32844615
think obviously respond last night always whats front whatever behind past control,5,7.7315216,2.7516255
yeah know realized defensivewise much better offensive output game move ball move ball move ball skew defense,1,4.7325187,3.2288895
yeah honest havent talked know great run think respect career beyond yeah trying get better,7,6.6890335,0.7251963
got start game get little quick settled little bit chirinos hit good changeup,2,5.390122,2.1603494
probably longest putt holed today kind across green water,2,7.1946354,3.636229
one want best dont think want better sister one want best,5,6.7756915,0.43963915
absolutely id like see michelle although didnt want win sunday wanted win turned neither u obviously karrie,5,8.782175,3.1991096
michigan state physical team dominated u three aspect game thought really well coached team physical throughout four quart,4,9.924846,1.8097142
well feel like two year ago next year feel like coming next season thats going goal backtoback game season,6,6.9994016,2.5060167
agree everything said couldnt asked better senior year im thankful everyone tearing texas volleyball really bright future im excited watch,5,7.7347245,1.5578418
yeah absolutely got couple fix mechanic want work offseason,2,9.824757,3.0197458
many people would someone start mention hey say listen could careless,7,7.863041,2.190503
yeah line great u whenever theyre together robby came brought speed leg looked pretty good,2,9.4535885,2.3085945
particularly think surface probably suit little suit probably comfortable grass,2,6.653149,2.9222589
obviously proud followed fernando valenzuela obviously something historic something im obviously happy happy followed done ive done today,5,7.612941,3.6597486
dont know remarkable think testament people endure persevere,5,8.179056,1.9349394
well youre right good spot playing well like play fast comfortable playing spot get go know,2,6.691884,3.041188
enjoy honestly stuff gotta go got lot advice friend mine kevin cash he one something gotta go,5,5.640662,2.2515225
well dont know thats true think preparation opportunity two thing combine good thing happen,5,8.504226,1.5999819
definitely feel certain level disconnection youre much feel like youre bubble kind secluded separated outside world,7,6.3989024,2.5913029
best win ever big player beaten another top player,2,8.495711,0.5564809
tell tomorrow nothing knew mean playing single double mixed double tournament different tournament,7,6.9920683,1.5599483
ask tiger question lead thought round today could go round card dont mind,2,5.9230514,3.1532025
know aggressive taking shot took last game confidence teammate confidence score ball,2,8.143181,2.511091
serve difficult side judge serve felt,2,6.642102,1.8406993
one thing add humidors dont really address issue drag humidors affect coefficient restitution sort topic drag isnt likely impacted,7,7.2576923,3.9982188
think everybody see athletic dont give lot big play make good play,2,6.392757,0.30157748
going let european deadline want go back english,7,7.48298,0.5632423
dont think he good defender mean one scored goal job guess played position well,2,7.7384653,2.252358
pretty clearuucut hung left drove guy line called twice car race nothing different,8,5.9475822,4.4764266
well obviously different experience something ill definitely remember something ill look back fond memory,5,7.453678,4.229357
melanie thank much want echo well dad truly amazing inspiring mike definitely want thank effort obviously whole family thank,5,9.486394,3.1344705
incredible look matt moore grit saw shooting lane took matt moore incredible job eye see player he become incredible,2,9.285675,3.5288196
obviously played lot worldclass team tournament performance would probably one remember player giving motivation also fan back home well,4,8.296859,0.6531208
positioned pretty well hit ball hard trea hit couple ball hard today actually three ball hard weve got keep battling,2,4.741618,3.5061932
feel pretty good always good win grand slam title even mixed think special many chance win good take,4,8.628788,2.7072892
mom someone talk lot obviously helped morning coffee gave word encouragement,7,6.8594875,2.2446182
he vital run point there question without playing high level,2,4.9388366,1.7452196
good afternoon everyone couple topic would like cover obviously take question may answer,1,9.715478,3.6215186
happy time surprised surprised,7,7.658107,3.9377134
he going come swinging he got really nice backhand he playing well week hope put pressure serve like today well see happens,6,6.4247575,1.6757687
still working thing like first two hole keep thinking outcome dont good commitment,2,6.585585,2.729816
thought said tried get pitch hit made good pitch fastball handled,2,7.986577,4.960741
good settler felt like started fine little bit steady yesterday roll birdie good gain momentum rest day,4,5.6964054,2.1616516
im thing im gassing feel like im putting battery back there lot time tell dont pas,5,8.434577,4.4708724
think thats individual thing player pick management anyone go give advice end day player go execute,5,8.572184,0.5940053
let add lloyd say idea could interpret mean nobody world idea lloyd doesnt know nobody know laughter,7,7.9938846,4.273508
obviously always shut short maybe give something different coach conry like nope sticking,5,7.5684133,4.4240375
feel like would nice know serving little bit better miss easy shot breakpoints game point whatever,4,5.4358754,2.0763657
win match beat good player get confidence know beat good player happened lot,4,8.531517,0.8704834
want talking hopefully aj get hell get back talking game series,8,7.700157,0.29962006
honest probably helped distract majority week able talk something else caught point situation,8,6.66449,2.24491
yeah long year worth end obviously little bonus scoring goal last night,4,7.6730986,2.8690274
yeah really broke u got confident started psych going shot,2,5.6684012,3.0987759
felt something went block ball hip flexor dont know severity yet well know tomorrow right hip flexor,3,4.8424296,3.2757785
orlando hernandez leo astacio given thought everyone team luis gonzalez he member team thought,7,10.088307,1.6364657
yeah well knew today playing morning especially early going much difficult yesterday shown score yesterday morning,4,7.0448155,2.241849
first rest see tournament playing australia,6,6.9908047,1.60433
yeah obviously opportunity help im getting seizing opportunity knowing need make play order u successful,1,9.148183,0.510893
know thats great question think biggest thing studying game realizing strength team trying take away game,1,9.056503,2.7747846
smart player share knowledge player he going manage carlos always well respected well received know well,7,8.457926,0.48556346
ive never managed find comfort zone golf course amazes think thats tribute great design,8,6.3624306,3.9045713
congratulation wesleyan coach raba tremendous game battle minute got best u today battled till end im proud seagull,4,8.477173,4.00732
side midnight memory memory something like two book sidney sheldon finish dont read buy new one,7,6.601383,4.297334
hi everybody im jon sciambi pleasure welcome year announcement th annual winter meeting charity auction thanks appreciate,7,7.761881,4.142678
andy fully recovered started maybe light hitting he regular schedule hell without sort setback area hell percent full go spring training,3,7.9194613,-0.29625893
lot different last day played junior big player,7,8.5286455,0.60127634
yeah agree said think really great way u go go group people happen best friend,4,8.128992,1.724284
cannot think right actually dream play one good grand slam retire maybe coming true,2,9.207093,1.797076
really something thats work little bit ive sort changed around strategy going guess cricket,1,7.0391955,4.024082
feel great right beautiful day play golf braved last two hole kind get back game,4,6.564706,3.533372
try watch competitor anyway try watch much anyway,1,7.0077095,0.6054907
probably actually make size know waist clothes im make feel little bigger,7,5.9910464,0.64816195
field crew university arizona best bud johnny director still today mound absolutely gorgeous grass wasnt one flaw definitely university arizona,7,8.633643,2.3303216
first congratulation minnesota great season theyre great team saw early definitely presented unique challenge,4,9.459168,2.6648698
really worrying today knew going guess wasnt reserve day hopefully forecast change ive seen happen hopefully get two really good semifinal,6,6.9492116,3.2123244
youre obviously one leading player let moment put extra pressure coming week player america,4,7.9665904,0.70121056
yeah definitely uncharted territory im trying continue ive tried year take one day time listen body,1,8.157615,4.5028105
yeah thats coming player field player field job guard player field cant guard technology player field,8,8.699634,0.47123665
gee lisa raymond natasha zvereva press conference dont know frankly dont know dont think anything lacking playing good,2,7.9208937,2.5698817
injured friday monday san diego tournament practicing would probably say affect definitely running serve backhand,3,6.5566325,1.7629141
well right based organization make move hired hired got closer thats something talk,7,5.92284,1.7231543
yeah appreciate question think lot people spoken ive spoken addressed right away jeff spoke,8,6.6216493,3.591377
key clearly plummer shes good creates space everyone else everyone else take little breath lean everyone else get little bit different,5,5.3642125,2.2664466
excited u number player named first second team join welcoming allmlb second team designated hitter houston astros yordan alvarez u,7,9.651752,2.7193778
think miss cricket mean ill involved cant stay away somehow ill involved cricket,7,7.5224977,3.748731
know cant say practice ton talk power play sort thing defending also think something cover talk,1,6.3302813,2.056834
think definitely left yesterday well know one one thing golf course dont read green well,4,6.34438,4.095625
yeah coming kpmg extremely happy long game tee green putt really dropping week,2,7.5271196,3.8814743
aggressive laugh think played pretty well im getting fairway really hit good iron shot today,4,5.5260863,3.533856
happy home run obviously today teammate saying today day today day happened obviously happy,5,7.3539805,3.429738
think tired tired week diarrhea food good tired whole match,2,5.9314413,1.1131679
yeah big surprise really surprised especially jennifer yesterday knew tough match yesterday wasnt going easy didnt think going lose,4,7.216105,2.0483868
ranking first released ranked third think time prominent player there always discussion anyone ask whether there resistance discussion thats debate,7,8.194781,0.32597393
think affected team know think collectively lot thing affected team think affected team,4,10.261216,1.9893703
started back nine started hitting iron probably foot hole knocked birdie,1,5.3986964,3.1440225
serving match loveall hit smash wide real wide,2,5.0474296,3.68785
know thats hard question answer simply havent replaced another event answer would probably yes would played would taken approach,1,9.782744,3.5103872
tough first game back thats big game obviously didnt get whole lot time hard evaluate much,4,8.474067,2.632312
sure im appreciative official allowed aggressive game allowed big physical contact happen,8,8.877453,2.4061577
well know dont think consciously thinking game time pick thing youre independent kid,7,8.030033,2.602238
world annika sorenstam recent winner u womens open also lady must good memory,7,5.800706,2.1220224
well start captain sue bird leading u go starting five way player bench well,5,7.7751,0.82607746
im sure theyre great pat pod captain last year got know pretty well yeah theyre great,7,9.4528055,2.209356
dont know bit struggle think whats identified struggle explosive display compared team done past,8,7.8379173,2.5696228
yes missed first half conversation whether he coming back he share probably anybody,8,7.6050563,1.7525514
today went net lot felt good going player going come working much better,1,7.712131,0.9461653
know weather really good golf course really good condition right everybody know everybody play well starting weekend right,6,6.7180862,3.5103574
think sizewise compare nebraska close enough center size way tackle would physical quickness center id say probably compare nebraska,7,9.921029,1.832679
lopez yeah ive faced plenty time yeah indian year devil ray he pitcher come right looking get right away,7,6.532098,3.5538778
really good team lot good thing going trying build team energy spent obviously different offseason u,5,10.231436,2.2809603
well there uncertainty mind lebron james took job didnt anthony davis didnt whole team different team fact,7,10.253134,2.0095472
think work paying good last year didnt win playing good,2,8.41762,2.7584429
there doubt there lot time going data watching game there much footage day cant really hide,1,8.0621605,2.113887
yeah sure making doublefaults easy volley mistake mean always little bit nervous getting close yeah definitely,2,6.627779,2.2345846
look know great fielding unit normally one game somewhere along line im happy gone know team going better next time,4,9.593539,2.0374916
yadi hit anywhere hit second u third fourth fifth hit anywhere yadi approach he going productive,2,4.9839196,3.8642783
im living dream know big opportunity big year im going best every outing enjoy time,5,8.993666,1.9400526
feel really good thinking like dont want discredit round played couple bad hole towards end day,5,6.1637473,2.8375256
thought disciplined werent trying much think weve gone back watch defended past thought looked like undisciplined poorcoached team,8,9.911209,1.6202857
mean definitely high percentage day like said im making progress day im well see well see,6,8.418208,4.1991706
think game finally coming together im really comfortable swing pxg equipment working fantastic,2,7.8770814,4.013654
yeah definitely help get see bullpen way know long series like know youre going face face,4,8.982318,0.934458
yeah talked little bit houston lot guy ive played weve gone couple level able play somebody else great,4,7.3152037,0.3094584
started first hole hit sand wedge foot got range hit iron two foot,2,5.2490263,3.5306742
trying win today game ill empty tank there certainly couple guy im going use greinke cole trying win today game,5,8.761752,3.4665375
know board feel like laughter little bit confused sixonfive youre trying find spot stand tired parked front,1,5.792487,1.5492777
talk matt saying lacrosse iq fall last year freshman fall,7,9.278917,3.734519
every offseason go baseball operation policy sign stealing big focus offseason last year expect year well,7,9.960007,2.7579386
yeah he clubhouse he going get treatment he going everything try get ready,3,6.9520593,0.7042917
played sampras wimbledon year big match didnt play bad played guy,4,6.9394035,1.2060999
amazing see hockey town theyve u ups down theyre excited something new special theyre big part big piece,7,9.085084,2.1374912
think heard erik say previous interview would probably even wreck certainly dont need wreck saw today probably,8,7.4982157,2.4986355
think everybody excited game enjoyed experience going ready play,5,6.379739,0.35818624
think youre always looking pitching dont know ever enough dont know well see whats see whatever like say dont think ever enough starting pitcher,8,8.029789,2.6883388
little different old stadium got jagged edge around outfield going take time,5,5.2916336,1.9916898
probably going see u two stance little league clinic probably two worst guy would want kid going hitting like laughter,7,6.8453608,2.3277583
yeah mean course want win every game think think youre going sweep every team game left think youre maybe fantasy world,5,8.335514,3.001734
would great u great team great he locked laser like focus going ballgame practicing well preparing really well going let get beat game,2,9.540006,2.2571669
yes definitely got lot congratulation mike whan example texted right third round last week felt really special,7,6.1098485,2.5420036
working like short game bunker play putting well putting obviously paying short game much far change week,1,7.953237,3.8579254
ive texting weve trying call missing he hunting ohio somewhere else,7,8.982962,3.9597445
actually got wild card received invitation play doral kind home player live hour north doral,6,8.516799,0.32455254
threehour training camp practice yesterday laughing prep normal prep game guy ready,6,7.8470273,-0.014766404
ever played tournament location beautiful decided come back vacation lake oconee going one new vacation spot,7,7.021031,1.4313266
maybe chip think play team play division much probably best seen think using ray positive negative go play,5,6.534013,0.20222174
back saw locker room back probably coming serve,3,7.3925743,2.3074315
far away player lady european tour gwladys nocera youve three time youre obviously got fairly confident coming,2,7.8838644,0.9868973
yeah worst enemy sometimes turnover tonight really hurt u badly unforced turnover good position theyre fine basketball team cant make kind blunder,4,10.049212,2.3217564
well know youre cooking paying school youre living high hog guess could say,7,7.9621778,2.8864393
mean lot lucky theyve u year look feel comfort follow footstep know youre walking right direction,5,8.615426,1.4512868
yeah pushing hustling car driving hard could trying enjoy really enjoyed race condition love driving full race favorite part weekend,4,5.991915,4.5423326
one sand wedge one fat baby degree lobwedge usually use one mostly around green heavy stuff came little strong,4,5.422725,3.383449
thought play best know possibility win wasnt big surprise,4,8.629122,1.2361617
guy great job dont think height key thing think weve got make play,2,6.583308,0.05957679
meeting probably get longer wont get leave get bored definitely lose entertainment value sure,7,7.3979697,3.3166134
part tactic bowling according stump stump stump thats field employ hit length line yeah wasnt working u today,1,7.023626,2.8226697
ive got bunch family town ill probably home entertain family ive got town,7,6.939466,5.036452
thing last week evian guess thats call experience hopefully get one day wont stressed front girl,4,7.0424447,2.5425003
tough today true somewhere beat masur ranking less mine beat courier everybody wait winning difficult today,4,8.44213,1.2654835
dont know hope working french federation think coach happy,7,7.7528553,3.5797257
think biggest thing went trying much fun youll sit back review youre get play game people love,5,9.014878,2.8143225
opinion really doesnt matter dont normally give say say im going give opinion,7,8.116343,4.632501
think brought u together kind similar game like turn dangerous,5,6.9428034,3.7526197
nice nice need get better everyone want better dont think enough power dont think right people change,4,6.900331,1.1026977
well thought hole played wind hole better think control ball wherever landed going stay,3,5.7060213,2.8039641
today made mistake fielding dropped catch thats difference team england team,4,10.205958,1.9174393
im concerned dont really look around stadium see who watching many people try keep focused question exactly,2,7.926014,1.9616026
im great shape bounce back extremely well game could play right play right high level,2,6.516048,3.348195
yeah mean help lot look side see people know give strength make feel good,5,8.544397,1.506671
mean playing baseline finishing point winner volley something point longer today take lot mental concentration,1,4.9981346,1.5770388
never like every week felt like could win practice good,4,6.357183,2.1799219
yes birdie hit wood tee hit iron foot hole made birdie,4,5.2980766,3.5975592
well remember hitting spring training would expect looking fastball first atbat,2,8.169851,-0.3180472
alicone ph birthday today yesterday joking youre waiting good round tomorrow birthday im glad he coach long time,7,6.06305,3.4526374
yeah think give negative mojo team think many goal youre instead take like said earlier playbyplay think thats got u hole,5,9.791121,1.6159594
something done something right time situationally talking player whether player someone potentially come play,2,8.328384,0.34120902
work everything three year new coach every day like magician work piano work work would,1,7.0424066,4.1607428
think expect know he goalscorer score lot goal every year there lot game think needed come,2,8.75674,1.2373475
course yeah beat becker grand slam great nothing compare sure,4,9.3538,1.793795
dont think effect player well cant go saying play different going play way,1,6.597569,0.16130131
yeah game management youre expecting im going go confidence confidence kenley,5,8.123207,2.5273516
yeah happy happy bunker usually like bunker lot kind went,4,7.703324,3.7598298
yeah youre going see team uncharacteristic thing know season line theyll give everything theyve got patient ready respond whatever throw u,5,8.419402,2.2821538
think great player really put lot game court court hope still around quite year least,2,7.702645,1.697281
two foot wide first point served huge point pissed got,4,4.95339,1.5957527
well best played tendency bad luck,2,5.526681,1.5503706
sure pretty good familiarity national league west manager giant also coming play national league west manager phillies,7,7.5005035,3.5246847
yeah stopped bleeding last night came played well today want keep rolling,2,7.3636813,2.4538872
yes work gave medication good enough,3,7.2854333,2.0053787
knew ohio state going come aggressive second half like normally wanted continue aggressive part,1,8.509177,1.5159076
best way describe kind golf suit game like instance u open fared okay never great finish,2,6.571619,3.4747055
better period thought good front couple bad breakdown didnt capitalize thought solid term overall play team defense,4,10.077158,1.5951241
twice played tuesday pro got played friday saturday,7,7.5846167,1.3969738
theyve got qualify make every thats going happen seems happening ryder cup,8,5.6993084,1.8211904
golf course beautiful ive never area really pleasant surprise cool seeing boat people actually allowed see u guess boat,7,6.5308733,3.9723294
try worry try go job play,5,6.8317533,0.70572174
think weve come long way really course decade think league bigger better stronger place start product ice,7,8.099561,-0.010447769
could im big room service guy like go eat houston got pretty good restaurant like,7,6.575267,1.8590171
think hardcourt mean even though first slam clay think hardcourt best result,2,6.74622,0.49905863
share ive fan player long time share philadelphia thought kevin quite bit fan im still fan today,7,8.14037,0.7682024
mean im everything feel better happened know well see mean dont timetable yet,6,8.274583,3.4614744
ive always guy kind let game talking guy get talking well ive always tried let game talking,8,7.7002344,0.29952717
asked wildcard three four week ago maybe decided play new schenectady asked wildcards three,8,6.904843,1.259823
got fast start two birdie first two hole would like talk,4,6.028632,2.676291
kind enjoyed didnt enjoy fourth set enjoy enjoyed match enjoyed first three set id like go fourth set,4,5.3186717,1.2204976
outside case pack us know thats part recommendation better develop tracking mechanism way,7,8.916266,0.81624603
yeah think start play nervous didnt play good today think great job tournament hope next year going win tournament,4,6.7258215,0.9756
echo everything look far ahead get lost even taking one point time looking far ahead past focused,5,9.202642,3.6503572
absolutely thats call perfect pitch right pitcher pitch able lay thought little havent seen replay pitch,4,7.9305754,4.959171
yeah probably deeper bench there question think give advantage national league club,2,7.3122334,3.2760627
position position would probably continue dont know,8,7.69823,2.5760434
yeah mean thats know doesnt seem like time thats want court team aggressive take shot,2,9.706869,1.3573592
talked right guy season long offense come go slump theyre clicking cylinder pretty special watch,2,7.30828,0.24820516
dont know team sentiment havent really discussed much worried winning baseball game,5,8.247085,2.1220388
yeah think team pretty consistent throughout match like hue said florida good team people consistent one set towards one team one set towards,4,10.303671,1.7623436
yes he many event ive done puerto rico helped support academy puerto rico he good friend,7,6.7414484,4.360233
couple time forced wood couple time good move wanted hit driver shes like cant,1,5.639805,3.5259686
yeah actually game game chicago went cleveland next two,4,8.297126,3.5703316
he good he swinging dont think he hit live yet he hit tee say feel good everything healthy,3,5.1057944,3.8062978
dont even know maybe bob hope thats course thin air well sea level dont know,7,7.2207694,2.3676891
time know right away dramatic win feel like top world lose feel like right,4,6.240451,2.9248421
basically summed everything amazing three year denver took one cant thank enough,5,9.3628645,3.2725844
pretty nice number middle kill eight block got three ace got service thats pretty nice night,2,6.3817883,1.4170693
probably first playoff he young guy didnt know expect he grown game,2,8.94679,1.4348184
well threebatter minimum little cloudy im waiting get clarification,8,6.1531053,3.5985532
wanted come knew back nine would hard play harder really wanted make good start got birdie,4,6.059028,0.71644753
thats yet determined dont know played much baseball going find much,2,8.325684,1.66704
idea mean said went umpire chair idea injured,3,8.129478,4.288379
cricket crazy nation yeah people expecting u win going also win actually,5,8.724516,3.3367038
trying get better weve fortunate get round last couple year thats kind stopping point u eye ahead trying assert amongst next group,6,9.102014,3.9015791
tough think different game especially playoff think weve done good job group taking game putting behind u need focusing next one,5,8.489936,2.7844143
really excited pittsburgh weve enjoyed time since monday really cool able take look city,7,6.793499,4.921207
yeah dont know came first year shooting think day important player period age specifically well best get,2,8.316011,1.0683119
dont know played okay good didnt lot chance always behind dont know think played much better first two set,2,8.016471,1.6641854
little bit yeah think there two different situation one two out one one one today trying get ball air drive run,4,5.098811,2.9842606
im blessed im blessed im grateful end day thats good im trying compete something bigger,5,8.53891,4.545046
think theyre excited think part excitement hear thing going adjusted different main part job following,5,6.6624475,0.10445764
think meeting pretty similar always end obvious thing right,1,6.8208337,3.7250452
yeah inning started well javeria played well partnership im trying best tried hit ball get maximum score,2,4.742276,3.6989207
sevi another guy really improved defense course year always catch first throw bat second guy swung bat well u especially lefthanded pitching,2,7.3348274,0.17400865
well hard tell mean keep playing well maybe never know,2,7.810677,3.3394594
sure oh yeah let give example bring thomas hardy pitch seventh inning,1,7.9595,5.055429
ive got friend parent driving tonight brother life dc far away,7,6.54411,4.6764827
absolutely absolutely little thing turned big thing turned giant thing,8,9.173417,2.986759
dont lose pretty simple stuff like ball hand control destiny tomorrow,5,4.7430167,3.1331916
dont really know know going head played good game break know didnt convert hard say happened really,4,8.167893,2.243666
took time yesterday kind get away little bit reconvened today met watched film went stuff practiced got work ready tomorrow,6,5.3254595,2.1695044
yeah kind felt like know crowd know good feeling know crowd supporting,7,8.055109,0.8316341
agree think great recognition teammate obviously dont get first team allamerican unless youve got pretty quality people around yeah agree,2,8.507538,1.8133136
big three people living one two people two room single big box im standing right,7,8.77554,1.8828133
think good job keeping mix he type guy yeah he around come skate hang guy,5,7.2132955,-0.11855604
karrie webb come tournament last week evian good form considering shes twice year,2,6.947154,1.709204
absolutely exceeded expectation get weather hospitality hillsborough county tampa people outback bowl people awesome,7,8.454007,1.9225404
talk cocktail chuckle lot conversation threebatters weve got lot manager still trying figure going work,1,6.524482,2.3274374
ask mean mean hanging home play tennis one day golf day maybe take care family,7,8.320453,3.7563934
think future bright organization know jeff planning good two three year planning team great long time,5,9.689875,2.3143537
thats live need get pregame routine right thats im mentally go,5,9.812757,1.0146477
sleeping also taking lot shower sweating walking street sweat taking shower eat spaghetti go bed,7,8.965412,2.6335304
think going easier year know player much know im familiar lot guy,5,8.733112,1.0541912
dont think wasnt happy game today dont know didnt anything better,2,8.065634,2.793917
read brad gilbert book know everything need read book know everything,7,6.473644,4.464685
congratulation marcus yordan thank coming yasmani grandal xander kirby thank another round applause allmlb team presented bu scott,7,9.5163765,3.051096
think going come tomorrow try apply pressure play best baseball apply pressure,6,7.1450553,0.64293176
yeah extent didnt know extent yeah trying take precaution yes,7,7.003991,0.34818378
im going get dont know ill end thats training staff doctor involved,3,7.4089465,3.6280124
yeah actually think first one edge unfortunately lost review second one think lost review,4,8.83843,2.967957
dont know going able help u anything sitting eighth thats way go,1,9.16738,0.84092534
fan love pitcher get three hitter row think thats greatest thing world like answer,2,9.419735,2.6404984
national championship everything amazing experience really came today feel like played four quarter thats something really struggled playoff,4,7.2701254,2.4956925
use week current ranking pre british open apply new divisor believe michelle would ranked seventh,4,7.2263336,0.74748904
think everybody need little bit confidence cant go day day cash,2,7.654031,3.192153
he extremely smart move ball around change speed plus thats easy thats easy face,2,6.2689877,1.828806
great group guy played well flying good offense treat able,2,7.4522233,0.33496928
think help player knowing got chance play couple day know environment know field think definitely help lot,5,8.865724,0.8773972
thats inside joke tommy spoken lot much anybody ive spoken tommy well get everybody,7,6.633952,3.6962583
dont think ever major contention dont think weve ever final group last day,4,8.209991,2.8573925
dont deserve take money deserve take money help job,8,8.109976,1.185727
jenna gray setter stanford volleyball question wanted apologize time made fun year say thank incredible time thank much,7,9.352059,3.241277
great great city sure see real life know since playing small place new york two week great,7,9.380733,2.1348512
first hit idea whether going go go pretty special feeling ive never hit walkoff home run special experience,2,5.039154,3.843897
thats true im always afraid im going get shot somebody think im brad need sign back say im bart dont shoot,7,8.394915,4.596284
first time weve ever achieved year history obviously excluding time sole manufacturer,5,8.731707,2.1327267
im looking forward work kid thats mindset im lucky team whats oldest guy anthony alford he got time think,5,8.771736,4.372569
yeah like mean goal get back win though satisfied getting definitely get back dont really accept anything less,5,7.9007497,3.3292658
one team care individual award something anyone need concerned thats ultimate goal thats set beginning year,5,9.8039255,1.1682935
griff thompson hudson patrick burkinshaw like three best friend team community amazing get hang every day,5,8.083186,1.4918836
thanks much ted would like ask question raise hand wait microphone encourage ask question availability portion,7,5.8291507,2.6519701
hope hope im aok underdog kind career ive fine doesnt bother bit,5,6.3583245,3.1798992
well line theyre together great chemistry sure line effective would assume barbashev back he probably physical player front,2,9.437188,2.0521004
text chain different thing like obviously see home chris wagner road u he able travel kevan much,5,7.5049443,4.5737195
yeah think especially early building something certainly going effective worked u series expect physical game side,1,9.460597,1.4821914
approach every game mindset want team get first loose ball make first physicality play make first hustle play type thing,4,6.1388645,0.2882422
batista listed bullpen card today strictly emergency situation would used,1,5.9081554,3.21669
came room saw today didnt know seeing lying bench,7,7.47024,2.494605
found alex bregman way part story forget answer first part question go ahead,7,9.69732,3.623474
im sure really happened happened fast official tremendous job game trust decision made official,4,8.769515,2.5731368
broke left right end came back coming back right left end ended going right middle,4,6.277108,3.6940901
point stop becoming transfer michigan three year ago shes tiffany clark wisconsin badger,7,4.9712644,1.5160643
fast fast cant say two mile slower something fast,4,6.5797057,2.9159496
th tee put rough made bogey next hole made birdie think key hole maybe,4,5.704991,2.9042811
thought fine dont know im playing win guess thats key performance,2,6.962114,3.1444633
dont think moral obligation british fan let see greatest player world exhibition guy came,8,7.8600106,0.4781489
yeah dont know theyre really slowing think he getting look he scoring rask playing well thats sure making save,2,7.4392967,2.6571202
trust player hear lot people like sit say trust player give opportunity,5,8.598766,0.4761659
yeah coach always emphasise bowling right place right spot right length line length,1,6.554351,3.2742991
thats tough call havent even looked schedule yet know play good baseball got stay healthy think better people think thats sure,5,8.487388,1.7080835
something organization sent group professional puerto rico work different area training area receptive information,7,6.826663,4.190033
im genuine guy really easy game especially player see people fake b dont think problem,5,7.8393807,1.6983646
today much better day yeah eight birdie felt great nice post try catch leader,2,6.948436,0.89163023
prefer leave secret id like working week month year going tell sorry,1,7.343623,3.009185
didnt win game nothing theyll really good theyve got wellbalanced lineup pitching good bullpen get knew coming,4,8.285882,2.4810576
pleased way played obviously error arent part equation start looking metric rangewise he solid he solid,2,7.3598623,0.9445202
happy back final four excited match thursday great year u wonderful playing best volleyball end,5,8.728729,3.7979407
think probably something would open started talking little bit right focus getting healthy working hard third base,3,5.8564363,1.77037
wasnt worried guy draw concerned match going prepare stay focused last two week pretty good job,2,7.2317395,1.1018435
seven eight hour id skip school friday go missed fair day school,7,7.918572,2.957505
well sure shes great player top know know win know question think play graf,2,8.879002,1.6572397
tactically break momentum getting bat ball slow game u well,1,4.651267,3.137192
yeah first time sometimes defaulted beginning tournament beginning close quarterfinal semifinal first time,7,8.870113,1.9872183
yeah actually good influx really good people help engineering side thing obviously youve got bigger crew pick far crew,7,8.300907,1.8131622
happy position thinking surprised happy,7,7.677485,3.8774037
interestingly enough never like day decision kind start working see feel wish could give im trying elusive,7,8.81386,4.3655176
yeah mean worked also lot physical know maybe one best also,2,9.288642,1.5323775
thats ball went soon try premeditate usually lose wicket saying see ball hit ball thats something today,2,4.692397,3.3556929
yeah course worry think team worry senior player arent performing obviously thing go back look obviously hurt,2,6.6421204,0.92441446
extremely important u offense successful need need part game going know january rd intend great time,1,9.5325985,0.7206515
im sure answer question direct easiest way answer probably win baseball game many im quite sure,1,9.736015,3.543536
well rain like much want stick schedule try hope best,7,6.7577357,0.5064534
put mind long time ago could sat den lot time gotten mad trey ridiculous drop sunday,7,8.599102,2.0069492
want go birdie first make comment started birdied,4,5.928908,0.6601528
doesnt look like one right hope there one tomorrow waiting last game side,6,6.277863,3.3155506
probably small piece last night couple piece since cut dont tell indiscernible,7,7.5682726,2.9525716
good got enjoy experience dont see happen often enjoy happen also prepare play great game,1,5.575568,1.8200786
forehand backhand already forehand two hand backhand two hand backhand difficult say like indicating dont know hit let go one hand,2,6.1782646,1.815089
well mean want thank laura thats quite compliment mean tough think thats big compliment,7,9.346098,2.0408652
little difficult get court didnt take lot time problem game problem play,2,7.6096683,1.7066729
came bad knee started getting worse bit painful push strength push didnt see point playing,3,5.0983067,1.6766378
anymore long right documentation bad didnt want put shes quite year old yet didnt fancy,7,5.534127,1.296438
stanford well theyre good good theyre good know weve got work cut u talented team well coached expect battle,6,9.757566,2.3128576
yeah look nothing decided yet tough talk investigation going,8,6.9929466,1.4034383
mean obviously experience he he going get surprised anything he every competitive situation league provide he able find success different team,2,7.5487204,4.3207
yet maybe couple year today good chance wasnt playing well good chance even win today trying play well,4,8.532351,2.824215
feel like id say mom always say u ask favorite child like dont favorite like certain one different time,7,6.2525578,2.8496
karting going race club race next weekend realized im testing couple day probably shouldnt risk yeah love karting vega year unfortunately called,7,6.0407796,4.5839076
yeah would like reach top would like best try keep improving keep changing thing get better best,2,6.8856974,0.45954445
think going take month rest let knee heal get ready tournament europe,3,7.1484847,1.0189291
ask speak loud hit ball train hear back chuckle,2,4.650374,3.6151867
hopefully there somewhere sort fixup job get somewhere near degree loft iron moment,1,5.429242,3.6593306
finished tied second played well tied last day finished second finished tied second,2,7.582339,1.7022811
want record anybody upstairs writer arent right talk little bit match quarterfinal u open,7,6.0798283,1.7023995
well im playing karrie look forward shes obviously one greatest player tour ever im going expect good thing tomorrow,6,8.704759,4.18032
different adjustment different adjustment make different pitch able focus pitch zone basic thing,1,7.770998,4.8221464
oh probably think maybe one hole reno nevada think par bob hope earlier year,4,6.107115,2.821844
good feeling especially last year overall glad team well consistent,5,10.269107,1.672234
six probably first ten hole least four five shot stuff happens youve got,4,5.748084,2.826854
maybe even little bit know who going potentially available dialogue conversation started shortly thereafter,5,5.4490824,2.2721853
good going young core player weve got going thats best sell think good one,7,9.073097,0.97671676
yeah didnt even know car engine issue thats bummer sure engine shop great job yeah thats bummer,4,9.609993,1.6760602
didnt fire whole lot look every day loved practice even player,2,8.246057,0.26909667
little bit much didnt change anything really small thing know easy change adjust,2,6.249074,1.953611
four year ago started using midsummer ive used putter ever since ive changed grip difficulty putting love long putter,1,6.929004,4.7392426
played match without madison duello shes kind important part really interesting going back like said watching match played three month ago,4,7.375217,1.5057167
dont think know good player thing nothing know way going play,2,8.73263,1.0341882
thats great question year since spring training roble really come long way long way spring training fun interesting far weve come since tremendous,2,8.129182,-0.17936918
well ask feel maybe little bit bad feel happy overwhelms,7,5.7308526,2.3229778
looking forward playing game every weve always dreamed playing game everything win football game,6,8.510564,3.7702653
see youre going thats motivation trying compete title golden state doesnt anything u,5,8.929387,3.0423172
thats part coaching staff evaluated situation nature tournament wanted bring middle always affect game bit,1,6.565511,3.1868548
think got kind saved ball striking wasnt putting wasnt saved second putt,4,8.125795,3.057446
yeah murshida young team potential play well match shes good form nowadays think shes going best player team,6,9.124142,1.1560414
dont know nats fan going like know theyre going loud know going exciting waited long time opportunity,6,8.872841,0.9839173
happy excited competing phase tournament looking forward match tomorrow thanks,6,8.645195,4.150173
yeah read every intention go rotation possibly could go game,1,6.807865,4.449147
thats really good question dont know exactly answer yet specifically type thing personally havent spent ton time,7,9.868513,3.1001241
know well conversation day exciting time pitching mapped little bit honestly going go whatever feel game,1,5.48926,2.2674897
mean back wall like never done still got hope still going grind end start finish,5,6.2958255,3.0282876
pick one weakness anbal hold runner knew tried different thing get focused getting hitter sometimes get little long,2,9.045902,2.2668939
yeah unfortunately didnt hit great shot feel like executed game plan didnt carry far enough take slope,4,5.602286,3.918457
dont know six chance come didnt come way,4,8.776633,0.3180315
could got bad call bud long time get bad call big point,8,5.3669534,1.3988042
mean world obviously theyre closest golf tournament commish added schedule covid happening canceling event amazing,7,6.8473825,3.158756
make feel good make want play harder play better also good feeling crowd enjoying match getting,7,6.138113,0.45197475
think another loss mean six grand slam row lucky want,4,9.248151,1.8117883
he good threw felt good well see transpires tonight say feel good yeah right hell definitely start game,2,6.338339,2.3732255
havent yet spoken max today waiting get hopefully he little bit better well see ill talk information sometime later today tomorrow,2,6.2038307,3.4830945
yeah think tonight really clean yeah id agree thought chance certainly second maybe pull set hard know,4,9.472822,1.6369264
think good season senior stepped last game played hard still think good season even though lost last two game,4,8.460875,2.931723
appreciate saying im saying trying brag trying sense overconfidence anything like,7,9.029488,4.0660686
dont know signed ball kid might number could ball dont know,7,4.8032255,3.271239
honestly today round little bit boring par going last two hole par good frustrating know gave couple birdie chance,4,6.060876,2.9075058
huge like said everybody talk big three anbal pitched unbelievable since came aisle year long give u chance win ball game every outing,2,9.049109,2.1732538
status still went film session bulk status goran,2,8.255839,4.3465476
think everything pushed pile already car pretty much prepared throughout next three week travel phoenix texas back martinsville everything already prepared,7,6.2429924,0.9359562
well didnt play best think lot due,2,7.120101,0.29997572
honest dont think many guy really think series entirety think guy try plan going trying accomplish goal winning today,5,7.1502934,-0.0815856
didnt conversation yeah really getting score today winning match,4,7.348585,2.0163672
much looking keep simple yeah present enjoying moment thats keeping simple,1,4.858212,3.0718465
said last week evian wanted top top last week totally failed week,2,6.7766848,1.7929847
im going press conference tomorrow noon ill address thing think want confine stras washington national right barry,7,7.7762856,3.982669
dont get caught go ask get prepared play big game worry winning,1,6.3583345,0.83702564
know first match played good today think played much better feel like match match getting better better,2,7.413266,1.2424121
dont think really ever idea threw bullpen yesterday obviously found little ago im kind point im preparing game,6,7.9326487,4.3900595
later career olympics anything stand pristine surface play,7,5.858089,1.270949
think passed made zero hitting error really nice job tough matchup last two set samedy got hand front,2,6.352172,1.4324192
yeah mean given condition think great score let alone tied lead time youre leading pga tour event shot great round golf,4,6.3256364,3.2419658
definitely reminded excitement cant believe definitely saw lebron ad definitely saw,7,7.6522827,3.2117898
mike leach yeah kind nextmanup deal lot like practice spring camp play next guy,1,7.9016185,0.11968131
time time yes depends player depends day far today think definitely went much time,4,8.830287,2.1335711
well shes going get better open look series last series thats positive number one,2,9.403841,1.1145313
definitely im thankful shot really good round today got back,4,5.833725,3.3414407
personally dont think dont think one point two point determine anything going sting much,6,4.936405,1.464931
think lot thing signing think lot never thought id big league biggest stage performing biggest stage,7,9.011328,2.6112947
wont able answer yeah still going sit shes precautionary risk like chloe said would probably expected play semifinal,1,8.996241,3.3965852
yes couple week dont confidence know like distance like club like much thinking shot,1,6.3313236,2.6591232
yeah mean there probably going lot oddman rush know tight series lot room,6,8.899197,1.2971321
tried back bowler field setting field bowler didnt really bowl field yeah respect didnt go way,4,8.766537,0.5138337
dont think one thing helped think andre probably giving credit deserve,2,8.127053,1.1120256
dont know maybe hope try play next year big tournament claycourt play good get point go ranking,2,6.4635773,0.6371958
make choice mexico come home going order day breakfast,7,9.044222,0.37299412
didnt hit good drive hit iron pin carried iron driver hesitant,4,5.345367,3.8354297
right yes think talked guy already gave thumb didnt,7,7.210851,0.28463992
know he coming game he fan hopefully cheer washington national hope enjoys game,7,7.871239,3.9237378
incredible feeling really dont many word right winning game one two lot confidence going game didnt go way,4,8.181901,2.3347015
knew going play two day row supposed start monday prepared,7,6.1807556,0.8838154
extremely delighted think funny back never even made trip medium room laughing first time,7,9.591425,0.78523076
said really believe better player think deserve day think ready much better year,2,7.801027,1.0893369
get free dinner actually might bill might hit window something,7,4.943927,3.7436337
oh see far away cant see close anymore cant read scorecard see eagle,7,6.490769,4.525899
would say close maximum would say close maximum maybe write paper work,4,6.443989,4.4146976
yeah everybody edge go ot one bad bounce could turning badly team good team fortunately u put one,4,10.2464285,2.1790004
yeah well talk starting lineup well submit minute prior term rotation obviously guy see play throughout game,5,8.153542,3.6018584
medium going look something blow something proportion thats something thats blown proportion,7,9.713981,0.9340672
yet saw son morning daycare know hard kind catch youre different schedule baby different schedule,7,7.1618123,2.849935
well there time happen sure respond pretty well adversity line tend get good result thats hoping tomorrow obviously,6,8.724888,2.218501
thank geoff joining u great round today know probably little disappointed last hole still good day youre excellent position sunday,2,6.423186,3.1589906
well wasnt aware lot run scored portion game know game obviously kind got away u inning,4,8.305988,3.017923
time maybe beatable two year back three year back think gotten player dont really feel way much hopefully,2,7.977108,1.7128297
dream pitching big league dream always imagined playing world series winning game u something big big year think im proud,7,9.040502,1.8730261
well nationwide tour five year college ive close time wasnt able make,7,6.839357,4.8329773
yeah guess havent really thought much im sure ill probably push back little bit,7,6.358389,3.4297469
yeah ive never scg ive seen tv ash younger quite nice able go play game like im really excited,6,7.005449,4.915021
didnt make much final mean second third one day start win maybe tomorrow,4,8.335401,3.4073465
think whole keeping team motivated keeping morale dont know lot guy feed keep everyone motivated knowing best give everyone confidence right,5,7.415009,-0.075778775
yeah exciting think first couple game obviously goal coming able get back minute maid weve accomplished obviously want win tonight,6,8.083653,3.312967
think little bit slower getting ball especially net made mistake shouldnt happened,1,5.155533,2.7225044
dont know compare one team think every team every defense style characteristic,1,10.169779,1.9664907
yeah ill family friend nice back city thats somewhat familiar awesome place ive loved playing last couple year yeah im really excited,7,7.0045757,5.026203
kind sitting nestled could see ball ive worse believe,4,4.6780295,3.2746294
huge deal switch game could change outcome key knew going going close quarter tough easiest thing,1,6.8941274,1.8107259
good time got chance enjoy city little bit couple day look around business hand,7,5.340854,2.4486456
taylor made rossa putter putted rossa earlier year im going back forth grabbed one barrel totally different anything ive putted,7,7.105419,4.6536455
think kept learning went biggest thing taking one day time whatever could help benefit team,5,9.075469,2.7177918
hell yeah yeah look show win every race like guy dont mindset dont know youre ill always preach,5,7.945393,3.3267148
dont know say dont know ton good year good last year,2,8.183009,2.0354872
byu match freshman year yeah saw little parallel game back forth like playing amazing defense good environment tough situation,4,8.943386,3.6822104
yeah think rained lot last night course playing quite long quite soft fairway quite wet played preferred lie tough get par,4,7.571251,1.8422079
didnt eat flushing meadow two week getting good new york deli sandwich eating turkey sandwich two straight week didnt eat,7,6.8994365,1.6629341
good afternoon name jon shevstakovsky vice president communication education national baseball hall fame museum cooperstown welcome hall fame mlb press conference,7,7.703512,3.9597871
yeah use lot motivation personally love honestly like people want motivate talk crap internet work pretty well smiling,5,6.5771694,2.7823062
actually hit ball hard really cant get nothing going last three day hit ball hard,4,4.7063136,3.6611774
execute last night lot better simplified getting puck net got traffic pretty good look probably scored one hit post whatever,4,6.8644023,1.2425497
pretty tough start know like actually st hole make bogey feel like happen like long par,4,6.171877,2.577521
bart youve consistent year far making cut youre th money list maybe havent finished well,2,7.890256,1.2440906
thought chance go fifth set especially breakpoint next game,4,9.757329,1.6169188
yeah obviously feel great something team yeah im really looking forward semi,5,8.798864,4.100072
little bit luck todd normally play arantxa arantxa decided play mixed todd deciding play play mixed,4,6.362383,0.14902206
talking sue finished talked cathy engelbert podcast able wnba champ huge gold star next,4,7.583235,0.4513262
ive got bunch family town ill probably home entertain family ive got town,7,6.9300246,5.056397
yeah think guy came program little unsure role would theyre humble quiet kid credit thats guy bringing younger defensemen along,5,7.2097154,-0.14433946
he competitor he trying tip hat guy like obviously terrible time going injury injury caliber obviously hinders little bit,3,5.919757,0.9442303
first time weve played condition different usually series series asia,4,9.318233,1.2490968
think shot winning knew going qualify came straight practiced little bit got free club whole bit,2,5.2058635,2.0485384
playing volleyball big club france first activity tennis start girlfriend playing tennis playing tennis,7,8.448058,3.7714643
well think would characterize tale two city think negotiating committee dialogue gotten little positive recent set meeting,7,5.672848,2.2938056
think difficult say think second tournament dont know many tournament played,2,7.1661716,1.6262919
feel lot better today getting good day leading lap feel good leading next week,5,7.4633384,1.2093077
yeah pitch probably play team matter consistency part well aspect game,6,7.976063,4.975756
dont know everyone little bit different honestly try get know one another try authentic explain try find player,5,6.92514,0.53748333
team great year end like great team wish could responded like,5,9.715448,2.528261
yeah general term look lineup fewer guy game plan know easier navigate game side,1,8.363705,3.5151365
dont think ill able describe going like know ive seen ive impressed excited get back home show town,5,7.0087333,4.952509
certainly know certainly young core two guy part theyre probably next wave player coming,2,9.009194,1.2858347
well far concerned importance tournament kind player beat today yes,4,8.338123,1.1889703
yeah lot different year experience knew crowd going like actually practiced crowd noise last practice home,1,8.049829,0.5722051
im glad told talked today say feel real good he going go he going pitch well see far take u,2,8.24415,4.7655263
counting cano he another guy bad year last year knowing knowing preparation doubt hell show spring training ready go,2,7.941359,-0.25738358
today hopefully get chance see next couple day wanted go last night obviously match,4,7.278649,3.0686555
think might think oldest guy nick price think maybe four five month age,7,6.964122,-0.05324528
like said dont dont want make one play big play dont want make one play,4,6.274651,0.2372732
didnt tried play point point see next point dont think beyond five set four set beat jim courier,4,4.9587092,1.4737074
dont necessarily think advantage know involved championship game already year cross white line,4,7.58537,3.3228781
chris higgs think debate one player performance whoever measured fairly amongst player,2,8.422038,0.40794063
exactly play part kind back back back nice place travel day take toll little bit im happy sydney,7,7.4080353,3.610308
enough worry front dont need worry everybody else,7,6.5219946,0.9229636
oh definitely mean definitely beat earlier year delray beach mean know gaby going remember mean definitely think great chance,2,7.863186,3.490491
pretty good going try adapt think pitcher good job mixing didnt stay one area didnt get way twice really,1,7.1908283,0.95578915
devastating something wish anybody room like dont wish standing answer question either,7,9.758529,3.4078672
think hell great he funloving guy he different dude think hell great culture,7,7.7947855,-0.1813499
havent reached ive player reach offseason specifically trade thing,7,9.988993,2.8406925
mean twostrike count battled mean feel like ive said time since weve postseason opponent taken pitch,4,8.114797,4.0757084
hit rough left hit front left bunker got green putted,4,5.6785197,4.0786686
